TC ID,대상,케이스 ID,시나리오,스텝,기법,Given,When,Then,비고,상태
TC1,온보딩,UI-01,온보딩 6페이지 완주 후 메인 페이지 확인,1. [다음] 버튼 클릭 2. [다음] 버튼 클릭 3-1. 이름 입력 3-2. [다음] 버튼 클릭 4. [다음] 버튼 클릭 5. [다음] 버튼 클릭 6-1. {3-1 에서 지정한 이름} 표시 확인 6-2. [시작] 버튼 클릭 7. 메인 페이지 표시 확인,시나리오,초기 상태(첫 실행),6페이지 완주,메인페이지의 하단 탭바 표시 확인,,실행 대기
TC2,회원가입,UI-02,회원가입 성공,0. 메인 페이지에서 시작 1. [설정] 탭 클릭 2. [계정 연동] 메뉴 클릭 3. [회원가입] 탭 클릭 4. 이메일 / 비밀번호 / 표시 이름 입력 5. [회원가입] 버튼 클릭 6. 회원가입 성공하며 메인페이지 표시 확인 7. 안녕하세요. {4 에서 회원가입 시 입력한 이름}님 표시 확인,시나리오,온보딩 완료 서버 연결,설정의 계정 연동 - 회원가입 화면에서 고유 이메일과 유효 비밀번호로 가입,메인페이지 이동 회원가입 시 입력한 이름 포함한 인사말 표시,,실행 대기
,,UI-03,회원가입 실패 - 중복 이메일 가입,0. 메인 페이지에서 시작 1. [설정] 탭 클릭 2. [계정 연동] 메뉴 클릭 3. [회원가입] 탭 클릭 4. 이메일 / 비밀번호 / 표시 이름 입력 5. [회원가입] 버튼 클릭 6. 메인페이지 확인 7. [설정] 탭 클릭 8. [계정 연동] 메뉴 클릭 9. [로그아웃] 버튼 클릭 10. 메인페이지 확인 11. [설정] 탭 클릭 12. [계정 연동] 메뉴 클릭 13. [회원가입] 탭 클릭 14. 이메일 / 비밀번호 / 표시 이름 {4 에서 입력했던 정보} 입력 15. [회원가입] 버튼 클릭 16. 회원가입 실패하며 에러 메시지 출력 확인 이미 가입된 이메일이에요. 로그인하거나 다른 이메일을 사용해 주세요.,에러 기대,온보딩 완료 서버 연결,설정의 계정 연동 - 회원가입 화면에서 중복 이메일 가입,에러메시지 표시 메인 페이지 이동 없음,,실행 대기
,,UI-04,회원가입 실패 - 잘못된 형식의 이메일 가입,0. 메인 페이지에서 시작 1. [설정] 탭 클릭 2. [계정 연동] 메뉴 클릭 3. [회원가입] 탭 클릭 4. 잘못된 형식의 이메일 / 비밀번호 / 표시 이름 입력 {test / 12345678 / tester} 5. [회원가입] 버튼 비활성화 확인,에러 기대,온보딩 완료 서버 연결,설정의 계정 연동 - 회원가입 화면에서 잘못된 형식의 이메일 가입,회원가입 버튼 비활성화되어 메인페이지로 넘어가지 않음,,실행 대기
,,UI-05,회원가입 실패 - 유효하지 않은 비밀번호 입력 (미입력) 비밀번호 규칙 : 8자 이상 256자 이하 숫자 특수문자 대소문자 조합 요구 없음,0. 메인 페이지에서 시작 1. [설정] 탭 클릭 2. [계정 연동] 메뉴 클릭 3. [회원가입] 탭 클릭 4. 이메일 / 유효하지 않은 비밀번호 / 표시 이름 입력 {test@test.com / 미입력 / tester} 5. [회원가입] 버튼 비활성화 확인,경계값,온보딩 완료 서버 연결,설정의 계정 연동 - 회원가입 화면에서 유효하지 않은 비밀번호 입력,회원가입 버튼 비활성화되어 메인페이지로 넘어가지 않음,,실행 대기
,,UI-06,회원가입 실패 - 유효하지 않은 비밀번호 입력 (7자),0. 메인 페이지에서 시작 1. [설정] 탭 클릭 2. [계정 연동] 메뉴 클릭 3. [회원가입] 탭 클릭 4. 이메일 / 유효하지 않은 비밀번호 / 표시 이름 입력 {test@test.com / 7자 / tester} 5. [회원가입] 버튼 비활성화 확인,경계값,온보딩 완료 서버 연결,설정의 계정 연동 - 회원가입 화면에서 유효하지 않은 비밀번호 입력,회원가입 버튼 비활성화되어 메인페이지로 넘어가지 않음,,실행 대기
,,UI-07,회원가입 실패 - 유효하지 않은 비밀번호 입력 (257자),0. 메인 페이지에서 시작 1. [설정] 탭 클릭 2. [계정 연동] 메뉴 클릭 3. [회원가입] 탭 클릭 4. 이메일 / 유효하지 않은 비밀번호 / 표시 이름 입력 {test@test.com / 257자 / tester} 5. [회원가입] 버튼 클릭 6. 회원가입 실패하며 에러 메시지 출력,경계값,온보딩 완료 서버 연결,설정의 계정 연동 - 회원가입 화면에서 유효하지 않은 비밀번호 입력,에러메시지 표시 메인 페이지 이동 없음,,실행 대기
TC3,로그인,UI-08,로그인 성공,0. [설정] 탭 클릭 1. [계정 연동] 메뉴 클릭 2. 이메일 / 비밀번호 입력 3. [로그인] 버튼 클릭 4. 로그인 성공하며 메인페이지 표시 확인 5. 안녕하세요. {테스트 계정의 표시 이름}님 표시 확인 6. 홈 카드(전체 프로젝트 수)가 정상 로드되는지 확인,시나리오,가입된 테스트 계정 존재 서버 연결,계정 화면에서 올바른 이메일과 비밀번호로 로그인,메인 페이지 이동 가입 시 이름이 포함된 인사말 표시,DEF-16(수정 완료 4f7e25e) 증상 감시,실행 대기
,,UI-09,로그인 실패 - 빈 입력,0. [설정] 탭 클릭 1. [계정 연동] 메뉴 클릭 2. 이메일 / 비밀번호 미입력 3. [로그인] 버튼 비활성화 확인,에러 기대,가입된 테스트 계정 존재 서버 연결,이메일과 비밀번호 미입력,로그인 버튼 비활성화,,실행 대기
,,UI-10,로그인 실패 - 이메일 형식 오류,0. [설정] 탭 클릭 1. [계정 연동] 메뉴 클릭 2. 형식 오류 이메일 / 비밀번호 입력 3. [로그인] 버튼 비활성화 확인,에러 기대,가입된 테스트 계정 존재 서버 연결,형식 오류 이메일 입력,로그인 버튼 비활성화,,실행 대기
,,UI-11,로그인 실패 - 존재하지 않는 아이디,0. [설정] 탭 클릭 1. [계정 연동] 메뉴 클릭 2. 존재하지 않는 이메일 / 비밀번호 입력 3. [로그인] 버튼 클릭 4. 에러 메시지 확인 이메일 또는 비밀번호가 맞지 않아요.,에러 기대,가입된 테스트 계정 존재 서버 연결,가입된 적 없는 이메일로 로그인 시도,에러메시지 표시 메인 페이지 이동 없음,,실행 대기
,,UI-12,로그인 실패 - 잘못된 비밀번호,0. [설정] 탭 클릭 1. [계정 연동] 메뉴 클릭 2. 이메일 / 잘못된 비밀번호 입력 3. [로그인] 버튼 클릭 4. 에러 메시지 확인 이메일 또는 비밀번호가 맞지 않아요.,에러 기대,가입된 테스트 계정 존재 서버 연결,올바른 이메일과 잘못된 비밀번호로 로그인 시도,에러메시지 표시 메인 페이지 이동 없음,,실행 대기
TC4,프로젝트 추가,UI-13,프로젝트 추가 - 오른쪽 상단 위 [+] 버튼,"0. [내 뜨개] 탭 클릭 1. 화면 오른쪽 상단 [+] 버튼 클릭 2. [프로젝트 추가] 시트 표시 확인 3. 아무것도 입력하지 않은 상태에서 [프로젝트 저장] 버튼 비활성화 확인 4. 이름에 공백만 입력 후 (""   "") [프로젝트 저장] 버튼 비활성화 확인 5. 프로젝트 이름 입력 6. [프로젝트 저장] 버튼 활성화 확인 및 클릭 7. [나의 뜨개] 페이지에서 프로젝트 추가된 것 확인",시나리오 에러 기대 경계값,온보딩 완료,상단 [+] 버튼으로 추가 폼을 열어 미입력과 공백 입력을 거친 뒤 정상 이름으로 저장,미입력과 공백에서는 저장 버튼 비활성 정상 이름 입력 시 저장되고 목록에서 표시,,실행 대기
,,UI-14,프로젝트 추가 - 프로젝트 0개인 상태에서 [+ 추가] 버튼,0. [내 뜨개] 탭 클릭 1. 화면 가운데 [+ 추가] 버튼 클릭 2. [프로젝트 추가] 시트 표시 확인 3. 아무것도 입력하지 않은 상태에서 [프로젝트 저장] 버튼 비활성화 확인 4. 프로젝트 이름 입력 5. [프로젝트 저장] 버튼 활성화 확인 및 클릭 6. [나의 뜨개] 페이지에서 프로젝트 추가된 것 확인,시나리오,온보딩 완료 프로젝트 0개,화면 가운데 [+ 추가] 버튼으로 폼을 열어 이름 입력 후 저장,"추가 폼이 열리고, 저장한 프로젝트가 목록에 표시",,실행 대기
,,UI-15,프로젝트 추가 - 연속 추가 (5개),"0. [내 뜨개] 탭 클릭 1. 상단 [+] 버튼으로 프로젝트 생성 (이름 A) 2. 같은 방법으로 프로젝트 생성 (이름 B) 3. 같은 방법으로 프로젝트 생성 (이름 C) 4. 같은 방법으로 프로젝트 생성 (이름 D) 5. 같은 방법으로 프로젝트 생성 (이름 E) 6. 목록에 A, B, C, D, E가 각자의 이름으로 표시되는지 확인 7. 목록의 프로젝트 개수 표시가 5개로 맞는지 확인",시나리오,온보딩 완료 프로젝트 0개,서로 다른 이름으로 5개 연달아 생성,다섯 개 모두 각자 이름으로 목록에 표시되고 개수 표시가 정확,,실행 대기
,,UI-16,프로젝트 추가 - 중복 이름 생성 (명세 공백 관찰),0. [내 뜨개] 탭 클릭 1. 상단 [+] 버튼으로 프로젝트 생성 (이름 A) 2. 같은 방법으로 동일한 이름 A로 한 번 더 생성 3. 목록에 같은 이름 2개가 별개 항목으로 표시되는지 확인,시나리오,프로젝트 0개,같은 이름으로 프로젝트를 2회 생성,같은 이름 2개가 별개 항목으로 모두 생성됨,,실행 대기
,,UI-17,프로젝트 이름 길이 상한 - 경계값,"0. [내 뜨개] 탭 클릭 1. 상단 [+] 버튼으로 추가 폼 열기 2. 이름에 1자 입력, 저장 버튼 활성화와 카운터 1/30 표시 확인 3. 이름에 29자까지 입력, 카운터 29/30 표시 확인 4. 1자 추가 입력 (30자), 카운터 30/30 표시 확인 5. 1자 더 입력 시도, 입력이 무시되어 필드가 30자 그대로인지 확인 6. 이름을 지우고 31자 문자열 붙여넣기, 30자로 잘려 반영되는지 확인 7. [프로젝트 저장] 클릭, 목록에 30자 이름으로 표시 확인",경계값,"온보딩 완료 SPEC-PROJ-01 (이름 1~30자, 하드 캡, 카운터 표시) 확정 상태,","최소(1자), 최대(30자), 초과(31자) 경계 입력과 붙여넣기 초과 입력 시도","1자부터 30자까지 저장 가능하고 카운터가 갱신되며, 초과분은 타이핑과 붙여넣기 모두 무시됨",0자 경계는 UI-13에서 커버 현재 코드 미구현으로 FAIL 예상 결함 등록 후 1차 수정에서 구현 회귀로 재판정,FAIL 예상 (미실행)
TC5,프로젝트 수정,UI-18,프로젝트 수정 - 작업 화면 경로 기본 수정,0. [내 뜨개] 탭 클릭 1. 프로젝트 카드 클릭 (작업 화면 진입) 2. 오른쪽 상단 [수정] 버튼 클릭 3. 프로젝트 수정 시트 표시 확인 4. 프로젝트 이름을 다른 이름으로 변경 5. [변경사항 저장] 버튼 클릭 6. 작업 화면 상단에 변경된 이름 표시 확인 7. 목록으로 돌아가 변경된 이름 표시 확인 8. 프로젝트를 수정했어요 알림 표시 확인,시나리오,프로젝트 1개 존재,작업 화면 수정 폼에서 이름 변경,변경한 이름이 작업 화면과 목록에 반영 프로젝트 수정 알림 표시,,실행 대기
,,UI-19,실 연결된 프로젝트에서 이름만 수정 - 연결 유지 (작업 화면 경로),"0. [내 뜨개] 탭 클릭 1. 실이 연결된 프로젝트 카드 클릭 (작업 화면 진입) 2. 오른쪽 상단 [수정] 버튼 클릭 3. 프로젝트 수정 시트 표시 확인 4. 수정 폼에 연결된 실이 표시되어 있는지 확인 5. 프로젝트 이름만 다른 이름으로 변경 (실 연결은 건드리지 않음) 6. [변경사항 저장] 버튼 클릭 7. 변경된 이름 표시 확인 8. 수정 폼 재진입 오른쪽 상단 [수정] 버튼 클릭 9. 재료에 연결된 실이 그대로 유지되어 있는지 확인 10. [취소] 클릭, [<] 클릭, 목록으로 돌아가 프로젝트 카드의 재료 표시가 유지되는지 확인 11. 프로젝트를 수정했어요 알림 표시 확인",시나리오 상태 전이,"창고에 실 1개 존재, 그 실이 연결된 프로젝트 존재",작업 화면의 수정 폼에서 이름만 변경하고 저장,"이름은 변경되고, 실 연결은 폼 재진입과 목록 카드 양쪽에서 유지",,실행 대기
,,UI-20,프로젝트 롱프레스 클릭 후 수정 버튼 클릭 - 연결 유지,"0. [내 뜨개] 탭 클릭 1. 실이 연결된 프로젝트 카드를 길게 누름 2. 메뉴에서 [수정] 클릭 3. 프로젝트 수정 시트 표시 확인 4. 수정 폼에 연결된 실이 표시되어 있는지 확인 5. 프로젝트 이름만 다른 이름으로 변경 (실 연결은 건드리지 않음) 6. [변경사항 저장] 버튼 클릭 7. 프로젝트를 수정했어요 알림 표시 확인 8. 변경된 이름 표시 확인 9. 롱프레스 [수정]으로 폼 재진입, 연결된 실 유지 확인 10. [취소] 클릭, 목록에서 프로젝트 카드의 재료 표시 유지 확인",시나리오 상태 전이,"창고에 실 1개 존재, 그 실이 연결된 프로젝트 존재",목록 롱프레스의 수정 폼에서 이름만 변경하고 저장,"이름은 변경되고, 실 연결은 폼 재진입과 목록 카드 양쪽에서 유지",,실행 대기
,,UI-21,프로젝트 스와이프 후 수정 - 진입 검증,0. [내 뜨개] 탭 클릭 1. 프로젝트 카드를 왼쪽으로 스와이프 2. [수정] 아이콘 클릭 3. 프로젝트 수정 시트 표시 확인 4. 프로젝트 이름을 다른 이름으로 변경 5. [변경사항 저장] 버튼 클릭 6. 목록에서 변경된 이름 표시 확인,시나리오,프로젝트 1개 존재,스와이프 메뉴의 수정 폼에서 이름 변경하고 저장,"수정 폼이 열리고, 변경한 이름이 목록에 반영",,실행 대기
,,UI-22,프로젝트 수정 - 오손상 방지 (n개 프로젝트),"0. [내 뜨개] 탭 클릭 1. 프로젝트 2개(A, B) 존재 확인 2. A 카드 클릭, 오른쪽 상단 [수정] 클릭 3. A의 이름을 다른 이름으로 변경, [변경사항 저장] 클릭 4. 목록으로 돌아가 A의 변경된 이름 표시 확인 5. B의 이름과 정보가 변하지 않았는지 확인",상태 전이,프로젝트 2개 존재,그중 1개의 이름만 수정,"수정한 것만 바뀌고, 나머지 프로젝트의 이름과 정보는 불변",,실행 대기
,,UI-23,프로젝트 수정 - 취소 분기,"0. [내 뜨개] 탭 클릭, 프로젝트 카드 클릭, [수정] 클릭 1. 이름을 다른 값으로 변경 2. [취소] 클릭 3. 작업 화면과 목록에서 이름이 원래 값 그대로인지 확인 4. 수정 폼 재진입, 입력했던 변경값이 남아있지 않은지 확인",상태 전이,프로젝트 1개 존재,수정 폼에서 변경 입력 후 저장 없이 취소,"변경이 반영되지 않고 원래 값 유지, 재진입 시 폼도 원래 값",,실행 대기
,,UI-24,프로젝트 수정 - 목표일 설정,"0. [내 뜨개] 탭 클릭, 프로젝트 카드 클릭, [수정] 클릭 1. 목표일 설정 (예: 일주일 뒤), [변경사항 저장] 클릭 2. 작업 화면 프로젝트 정보 탭의 일정에 목표일 표시 확인 3. 목록으로 돌아가 프로젝트 카드에 ""목표일까지 D-n"" 표시 확인 4. 앱 완전 종료 후 재실행, 양쪽 표시 유지 확인",시나리오,프로젝트 1개 (목표일 없음),목표일만 설정 후 저장,정보 탭과 목록 카드 양쪽에 목표일이 표시되고 재실행 후 유지,추가 폼도 동일 폼 컴포넌트(코드 확인)라 필드 검증은 수정 경로로 일원화,실행 대기
,,UI-25,목표일 표시 - 경계값 (D-day),"0. [내 뜨개] 탭 클릭, 프로젝트 수정 폼 진입 1. 목표일을 어제로 설정, 저장, 목표일 표시가 D+1 빨간 글씨인지 확인 2. 목표일을 오늘로 변경, 저장, D-day 표시 확인 3. 목표일을 내일로 변경, 저장, D-1 회색 글씨인지 확인",경계값,프로젝트 1개 존재,"목표일을 어제, 오늘, 내일로 차례로 설정","지난 날짜는 D+n 빨간 글씨, 당일은 D-day, 남은 날짜는 D-n 회색 글씨","표시 규칙은 명세 공백, 관찰된 현재 동작(8/23)을 회귀 기준으로 채택",실행 대기
,,UI-26,프로젝트 수정 - 상태 변경,"0. [내 뜨개] 탭 클릭, 프로젝트 카드 클릭, [수정] 클릭 (현재 상태 CO 확인) 1. 상태를 WIP로 변경, 저장, 목록 카드 배지 WIP 확인 2. 같은 방법으로 UFO로 변경, 배지 UFO 확인 3. 다시 WIP로 변경, 배지 WIP 확인 (되돌아가는 전이) 4. FO로 변경, 배지 FO 확인 5. 앱 완전 종료 후 재실행, 최종 상태 FO 유지 확인",상태 전이,프로젝트 1개 존재,CO→WIP→UFO→WIP→FO 순서로 전이,각 단계에서 배지가 즉시 갱신되고 최종 상태가 재실행 후 유지,,실행 대기
,,UI-27,완료 처리 - 홈 집계 반영,"0. [홈] 탭의 진행 중, 완성됨 숫자 기록 1. CO, WIP, UFO, FO 상태의 프로젝트 각 1개 준비 (Given) 2. CO 프로젝트를 FO로 변경, 저장 3. WIP 프로젝트를 FO로 변경, 저장 4. UFO 프로젝트를 FO로 변경, 저장 5. 기존 FO 프로젝트를 CO로 변경, 저장 (완료 해제) 6. [홈] 탭에서 완성됨이 기록값 +3 -1인지, 진행 중이 상태 구성과 맞는지 확인 7. 앱 재실행 후 집계 유지 확인",상태 전이,네 상태의 프로젝트 각 1개 존재,세 상태에서 완성으로 전환하고 기존 완성 하나는 해제,"완성됨 증감(+3, -1)이 정확히 반영되고 재실행 후 유지",,실행 대기
TC6,프로젝트 삭제,UI-28,프로젝트 삭제 - 수정 폼 경로 (취소 분기 포함),"0. [내 뜨개] 탭 클릭 1. 프로젝트 카드 클릭, 오른쪽 상단 [수정] 클릭 2. [삭제] 버튼 클릭 3. ""프로젝트를 삭제할까요?"" 확인창 표시 확인 4. [취소] 클릭 5. [취소] 클릭하여 목록으로 돌아가 프로젝트가 그대로 있는지 확인 (취소가 진짜 취소인지) 6. 다시 프로젝트 카드 클릭, 오른쪽 상단 [수정] 클릭하여 수정 폼 진입 7. [삭제] 클릭, 확인창에서 [삭제] 클릭 8. 목록에서 프로젝트가 사라졌는지 확인 9. 앱 완전 종료 후 재실행 10. 목록에 삭제한 프로젝트가 돌아오지 않았는지 확인",상태 전이,프로젝트 1개 존재,수정 폼의 삭제 버튼으로 삭제 시도 확인창에서 취소하고 그다음 승인,"확인창 표시 취소 시 프로젝트가 그대로 남고, 승인 시 목록에서 제거되며 앱 재실행 후에도 삭제된 프로젝트는 돌아오지 않음",,실행 대기
,,UI-29,프로젝트 삭제 - 롱프레스 경로,"0. [내 뜨개] 탭 클릭 1. 프로젝트 카드 롱프레스 후 [삭제] 버튼 클릭 2. ""프로젝트를 삭제할까요?"" 확인창 표시 확인 3. 확인창에서 [삭제] 클릭 4. 목록에서 프로젝트가 사라졌는지 확인",상태 전이,프로젝트 1개 존재,롱프레스 메뉴에서 삭제하고 확인창 승인,"확인창 표시, 프로젝트가 목록에서 제거",,실행 대기
,,UI-30,프로젝트 삭제 - 스와이프 경로,"0. [내 뜨개] 탭 클릭 1. 프로젝트 카드를 왼쪽으로 스와이프 2. [삭제] 아이콘 클릭 3. ""프로젝트를 삭제할까요?"" 확인창 표시 확인 4. 확인창에서 [삭제] 클릭 5. 목록에서 프로젝트가 사라졌는지 확인",상태 전이,프로젝트 1개 존재,스와이프 메뉴에서 삭제하고 확인창 승인,"확인창 표시, 프로젝트가 목록에서 제거",,실행 대기
,,UI-31,프로젝트 삭제 - 연속 삭제와 격리 (3개 중 2개),"0. [내 뜨개] 탭 클릭 1. 프로젝트 3개(A, B, C) 존재 확인 2. A 카드 롱프레스 후 [삭제] 클릭, 확인창에서 [삭제] 클릭 3. B 카드 롱프레스 후 [삭제] 클릭, 확인창에서 [삭제] 클릭 4. 목록에 C만 남았는지 확인 5. 앱 완전 종료 후 재실행 6. 목록에 C만 있고 A, B가 돌아오지 않았는지 확인",상태 전이,프로젝트 3개 존재,2개 프로젝트를 연달아 삭제 (확인창 승인),삭제한 2개만 사라지고 남은 1개는 앱 재실행 후에도 유지,,실행 대기
TC7,프로젝트 개수 한계,UI-32,프로젝트 개수 한계 - 대량 생성 탐색 (30개),"0. [내 뜨개] 탭 클릭 1. 생성 전 목록 맨 위 ""나의 뜨개"" 아래 개수 표시 확인 (기존 개수 기록) 2. Appium 시딩 스크립트로 프로젝트 30개 연속 생성 3. 생성 중 거부나 오류가 없는지, 개당 생성 시간이 일정한지 확인 (스크립트 로그) 4. 목록을 최상단부터 최하단까지 왕복 스크롤, 카드가 전부 그려지는지 확인 5. [내 뜨개] 개수 표시가 기존 개수 + 30과 일치하는지 확인 6. [홈] 탭의 전체 프로젝트 카드가 같은 숫자인지 확인 7. 앱 완전 종료 후 재실행, 두 화면의 개수가 동일하게 유지되는지 확인",경계값 탐색,온보딩 완료 (기존 프로젝트 소수 존재),30개를 연속 생성한 뒤 목록을 탐색,"상한 없이 전부 생성되고, 내 뜨개와 홈 두 화면의 개수 표시가 서로 일치하며 재실행 후에도 유지","개수 상한 명세 없음 (명세 공백). 시딩은 Appium 스크립트(count_seed.py) 30개 실측 개당 5.6~7.0초로 열화 없음. 1000건 탐색(8/23): 저장 파일 직접 주입, 앱 실행과 홈 집계 1033 정상, 성능 판정 기준 부재로 케이스 제외",PASS (8/23)
TC8,프로젝트 정렬과 필터,UI-33,정렬 - 최근 작업 순 반영 (DEF-17 회귀),"0. [내 뜨개] 탭 클릭 1. 목록 맨 아래 프로젝트(A) 확인 후 카드 클릭 2. 뜨는 중 탭의 작업 시간 섹션에서 [작업 시작] 클릭 3. 10초 이상 유지 후 [작업 종료] 클릭 4. 목록으로 복귀, A가 목록 상단으로 이동했는지 확인 (즐겨찾기 항목 제외 기준) 5. A 카드의 최근 작업 표시가 ""없음""이 아닌지 확인 6. 앱 완전 종료 후 재실행, 순서와 표시가 유지되는지 확인",상태 전이 회귀,"프로젝트 2개 이상 존재, 대상 프로젝트는 작업 이력 없음",목록 하단 프로젝트에서 10초 이상 작업 세션을 기록,해당 프로젝트가 목록 상단으로 이동하고 최근 작업 표시가 갱신되며 앱 재실행 후에도 유지,"현재 DEF-17로 FAIL 예상, 1차 수정 후 회귀로 재판정. 10초 미만 세션은 작업으로 인정되지 않음. 즐겨찾기 우선 축은 TC9(UI-37)에서 검증",FAIL 예상 (미실행)
,,UI-34,정렬 - 작업 이력 없을 때 시작일 내림차순,"0. [내 뜨개] 탭 클릭 1. 작업 이력 없는 프로젝트를 서로 다른 시각에 3개 생성 (A → B → C 순) 2. 목록에서 C, B, A 순(나중 생성이 위)인지 확인",시나리오,즐겨찾기와 작업 이력이 없는 프로젝트만 존재,생성 순서가 다른 3개를 만든 뒤 목록 확인,시작일 내림차순(최신 생성이 위)으로 정렬,8/23 30개 시딩에서 동일 규칙 실측 확인,실행 대기
,,UI-35,정렬 - 복수 작업 이력 간 상대 순서,"0. [내 뜨개] 탭 클릭 1. 프로젝트 A에서 10초 이상 작업 세션 기록 후 목록 복귀 2. 프로젝트 B에서 10초 이상 작업 세션 기록 후 목록 복귀 3. B가 A보다 위인지 확인 4. 다시 A에서 세션 기록, A가 B보다 위로 오는지 확인",상태 전이,"작업 이력 없는 프로젝트 2개(A, B) 존재","A, B 순서로 작업 후 다시 A 작업",항상 마지막에 작업한 쪽이 위,"현재 DEF-17로 FAIL 예상, UI-33과 같은 뿌리. 수정 후 회귀로 재판정",FAIL 예상 (미실행)
,,UI-36,필터 - 상태별 표시,"0. [내 뜨개] 탭 클릭 1. 상태 칩 중 하나 선택, 해당 상태의 프로젝트만 표시되는지 확인 2. 다른 상태 칩 선택, 표시가 바뀌는지 확인 3. [전체] 칩 선택, 모든 프로젝트가 돌아오는지 확인 4. 필터 상태에서 상단 개수 표시가 어떤 값인지 관찰 (전체 수인지 필터된 수인지)",시나리오,서로 다른 상태의 프로젝트 2개 이상,상태 칩을 차례로 전환,"각 칩에서 해당 상태만 표시, 전체 선택 시 전부 복귀","개수 표시는 코드상 항상 전체 수라 필터 중 어긋남 예상, 명세 공백 관찰",실행 대기
TC9,프로젝트 즐겨찾기,UI-37,즐겨찾기 - 토글과 상단 고정,"0. [내 뜨개] 탭 클릭 1. 목록 중간 아래쪽 프로젝트(A) 카드 클릭, 오른쪽 상단 [수정] 클릭 2. 즐겨찾기 토글을 켜고 [변경사항 저장] 클릭 3. 목록에서 A 카드의 별이 채워졌는지 확인 4. A가 목록 최상단(즐겨찾기 그룹)으로 이동했는지 확인 5. 앱 완전 종료 후 재실행, 별 표시와 순서가 유지되는지 확인 6. 다시 수정 폼에서 토글을 끄고 저장 7. 별이 비워지고 원래 정렬 위치로 돌아가는지 확인",상태 전이,"프로젝트 여러 개 존재, 대상 프로젝트는 즐겨찾기 아님","수정 폼에서 즐겨찾기를 켜고 저장, 확인 후 다시 끄고 저장","켜면 별 표시와 함께 목록 최상단 고정, 재실행 후에도 유지, 끄면 원래 위치로 복귀","별 아이콘은 표시 전용, 토글 입구는 수정 폼 단일 (UX 관찰)",PASS (8/23)
,,UI-38,즐겨찾기 - 그룹 내 정렬 (최근 작업 순),"0. [내 뜨개] 탭 클릭 1. 프로젝트 2개(A, B)를 각각 즐겨찾기로 설정 2. A에서 10초 이상 작업 세션 기록 후 목록 복귀 3. 즐겨찾기 그룹 안에서 A가 B보다 위인지 확인 4. B에서 10초 이상 작업 세션 기록 후 목록 복귀 5. B가 A보다 위로 오는지 확인",상태 전이 회귀,"즐겨찾기 프로젝트 2개(A, B) 존재, 둘 다 작업 이력 없음",두 즐겨찾기에 번갈아 작업 세션을 기록,즐겨찾기 그룹 안에서도 마지막에 작업한 쪽이 위,"현재 DEF-17로 FAIL 예상, UI-33과 같은 뿌리. 수정 후 회귀로 재판정",FAIL 예상 (미실행)
TC10,프로젝트 작업 화면,UI-39,작업 화면 진입 여정 (DEF-15 자동화 경로),"0. [내 뜨개] 탭 클릭 1. 상단 [+] 버튼으로 고유 이름 프로젝트 생성 2. 목록에서 생성한 프로젝트 카드 클릭 3. 작업 화면 표시 확인 4. 카운터 시트 열기 5. 카운터 값 ""시작 전"" 표시 확인",시나리오 회귀,온보딩 완료 로컬 모드,프로젝트 생성 후 작업 화면 진입 카운터 시트 열기,"각 지점이 순서대로 열리고 초기값 ""시작 전""","Appium(def15_test.py), XCUITest 양쪽 구현 완료, CI 게이트 포함",자동화 완료
,,UI-40,도안 연결 - PDF 직접 추가 (창고 보관 안함),"0. [내 뜨개] 탭 클릭, 도안 없는 프로젝트 카드 클릭 1. 뜨는 중 탭 도안 영역의 ""도안이 비어 있어요."" 표시 확인 2. 오른쪽 위 [⋯] 메뉴 클릭, [PDF 직접 추가] 클릭 3. 파일 선택기에서 PDF 선택 4. ""도안 창고에 보관할까요?"" 확인창 표시 확인 5. [프로젝트에만 연결] 선택 6. 도안이 화면에 표시되는지 확인 7. 창고 탭의 도안 목록에 이 도안이 없는지 확인",시나리오,도안 없는 프로젝트,PDF를 연결하며 프로젝트에만 연결 선택,도안이 표시되고 창고에는 생성되지 않음,시스템 UI 수동 실행,PASS (8/23)
,,UI-41,도안 연결 - PDF 직접 추가 (창고 보관),"0. 도안 없는 프로젝트의 작업 화면 진입 1. 도안 영역 [⋯] 메뉴, [PDF 직접 추가] 클릭, PDF 선택 2. ""도안 창고에 보관할까요?"" 확인창 표시 확인 3. [도안창고에 보관하고 연결] 선택 4. 도안이 화면에 표시되는지 확인 5. 창고 탭의 도안 목록에 같은 도안이 등록됐는지 확인",시나리오,도안 없는 프로젝트,PDF 연결하며 창고 보관 선택,프로젝트 연결과 창고 원본 등록이 둘 다 생김,시스템 UI(파일 선택기) 수동 실행. 창고 원본과 프로젝트 복사본의 관계는 DEF-13 계열 관찰 지점,PASS (8/23)
,,UI-42,도안 연결 - 문서 스캔 (카메라),"0. 도안 없는 프로젝트의 작업 화면 진입 1. 도안 영역 [⋯] 메뉴, [문서 스캔] 클릭 2. 카메라로 문서 촬영 후 저장 3. ""도안 창고에 보관할까요?"" 확인창 표시 확인 4. [프로젝트에만 연결] 선택 5. 스캔본이 도안으로 표시되는지 확인",시나리오,도안 없는 프로젝트,"카메라 스캔으로 등록, 프로젝트에만 연결 선택",스캔본이 도안으로 연결됨,시스템 UI(카메라) 수동 실행,실기기 수동 대기
,,UI-43,도안 연결 - 도안 창고,"0. 도안 없는 프로젝트의 작업 화면 진입 1. 도안 영역 [⋯] 메뉴, [도안 창고] 클릭 2. 창고 목록에서 연결할 도안 줄 탭 3. 도안이 화면에 표시되는지 확인 4. 창고 탭에서 원본 도안이 그대로 있는지 확인",시나리오,"창고에 도안 1개 존재, 도안 없는 프로젝트",창고 선택 경로로 연결,복사본이 프로젝트에 연결되고 창고 원본은 유지,DEF-13(창고 경로 서버 파일 키 부재) 이력 경로,PASS (8/23)
,,UI-44,도안 연결 - 수동 입력,"0. 도안 없는 프로젝트의 작업 화면 진입 1. 도안 영역 [⋯] 메뉴, [수동 입력] 클릭 2. 도안 이름 입력 후 저장 3. 도안 이름이 표시되는지 확인 4. ""PDF 파일이 없어요.""와 ""수동 도안은 이름만 저장돼요."" 안내가 표시되는지 확인",시나리오,도안 없는 프로젝트,이름만 수동 입력으로 등록,파일 없이 이름만으로 도안 항목이 생성되고 파일 부재 안내가 표시됨,,PASS (8/23)
,,UI-45,도안 교체 - 드로잉 삭제 경고 (DEF-10 회귀),"0. 도안과 드로잉이 있는 프로젝트의 작업 화면 진입 1. 도안 영역 [⋯] 메뉴, [PDF 교체] 클릭 2. 드로잉 삭제 경고 확인창 표시 확인 3. [취소] 클릭, 기존 도안과 드로잉 유지 확인 ([⋯] 메뉴에 [그리기 삭제] 항목 존재로 확인) 4. 다시 [PDF 교체], 경고 확인창 승인, 새 PDF 선택 5. ""도안 창고에 보관할까요?"" 확인창에서 [프로젝트에만 연결] 선택 6. 새 도안이 표시되는지 확인 7. [⋯] 메뉴에 [그리기 삭제] 항목이 없는지 확인 (드로잉 제거 확인)",상태 전이 회귀,도안 연결 + 드로잉 존재,"교체 시도 후 취소, 그다음 승인","경고 확인창 표시, 취소 시 도안과 드로잉 유지, 승인 시 교체되고 드로잉 제거",06 수정 완료 결함(8f1a4ad) 회귀. 실행은 그리기 작성(UI-47) 이후 (드로잉 Given 필요),PASS (8/23)
,,UI-46,도안 연결 해제,"0. 도안이 연결된 프로젝트의 작업 화면 진입 1. 도안 영역 [⋯] 메뉴, [도안 연결 해제] 클릭 2. 연결 해제 확인창 표시 확인 3. [연결 해제] 클릭 4. 도안 영역이 ""도안이 비어 있어요."" 상태로 돌아가는지 확인 5. 창고 탭에서 원본 도안이 유지되는지 확인",상태 전이,창고 경로로 도안 연결된 프로젝트,도안 연결 해제,프로젝트에서만 해제되어 빈 상태로 복귀 창고 원본은 유지,드로잉이 있는 상태에서 해제 시 드로잉 처리 방식은 관찰 후 기록,PASS (8/23)
,,UI-47,도안 그리기 - 작성,"0. 도안 연결된 프로젝트의 작업 화면 진입 1. 도안 영역의 모드 토글로 그리기 모드 전환 2. 도안 위에 선 그리기 (별도 저장 버튼 없음, 그리는 즉시 자동 저장) 3. 그린 선이 도안 위에 표시되는지 확인 4. [⋯] 메뉴에 [그리기 삭제] 항목이 생겼는지 확인",시나리오,도안 연결된 프로젝트,그리기 모드에서 선 작성,그린 내용이 도안 위에 표시되고 드로잉 존재 신호([그리기 삭제] 항목)가 나타남,저장 버튼 없는 자동 저장 구조 (코드 확인),PASS (8/23)
,,UI-48,도안 그리기 - 재실행 후 유지,0. 드로잉이 있는 상태에서 앱 완전 종료 1. 재실행 후 해당 프로젝트 작업 화면 진입 2. 모드 토글로 그리기 모드 전환 3. 그린 내용이 그대로 표시되는지 확인 4. [⋯] 메뉴에 [그리기 삭제] 항목이 유지되는지 확인,상태 전이,드로잉 존재,"앱 완전 종료 후 재실행, 재진입",그린 내용과 드로잉 존재 신호가 유지,스텝 2는 DEF-18(보기 모드 드로잉 미표시) 때문에 필요. 수정 후에는 보기 모드에서도 확인 가능. 저장 버튼 없는 자동 저장이므로 이 케이스가 저장 실재의 증명,PASS (8/23)
,,UI-49,도안 뷰어 - 드로잉 표시 (DEF-18 회귀),"0. 드로잉이 있는 프로젝트의 작업 화면 진입, 그리기 모드에서 그림 확인 1. 모드 토글로 보기 모드 전환 2. 그린 내용이 그대로 표시되는지 확인 3. 보기 모드에서 도안 위를 문질러도 그려지지 않는지 확인 4. 그리기 모드로 복귀, 그린 내용 유지 확인",상태 전이 회귀,드로잉 존재,보기 모드로 전환,"그린 내용은 표시되되 편집은 불가, 그리기 모드 복귀 시 그대로","현재 DEF-18로 FAIL (스텝 2에서 미표시), 1차 수정 후 회귀로 재판정. 판정 근거는 02 PAT 신규 SPEC (오너 확정)","FAIL (8/23, DEF-18)"
,,UI-50,도안 그리기 - 삭제 (취소 분기 포함),"0. 드로잉이 있는 프로젝트의 작업 화면 진입 1. 도안 영역 [⋯] 메뉴, [그리기 삭제] 클릭 2. ""그리기를 지울까요?"" 확인창 표시 확인 3. [취소] 클릭, 그린 내용이 그대로 있는지 확인 4. 다시 [그리기 삭제] 클릭, 확인창에서 [삭제] 클릭 5. 그린 내용이 제거되고 도안은 그대로인지 확인 6. [⋯] 메뉴에 [그리기 삭제] 항목이 사라졌는지 확인",상태 전이,드로잉 존재,"삭제 시도 후 취소, 그다음 승인","취소 시 드로잉 유지, 승인 시 드로잉만 제거되고 도안 유지",삭제 확인창 실재 (8/23 확인),PASS (8/23)
,,UI-51,도안 뷰어 - 페이지 이동과 복귀 유지 (DEF-19 회귀),"0. 여러 페이지 PDF(sample4, 8페이지)가 연결된 프로젝트의 작업 화면 진입 1. 보기 모드에서 3페이지로 이동 2. [홈] 탭 다녀온 뒤 작업 화면 복귀, 보던 페이지 유지 확인 3. 다시 3페이지로 이동, [⋯] 메뉴의 [사전/스킬 찾기]로 이탈 후 복귀, 페이지 유지 확인 4. 앱 완전 종료 후 재실행, 재진입 시 페이지 관찰 (약속 범위 밖, 기록만)",상태 전이 회귀,여러 페이지 도안 연결,"페이지 이동 후 탭 이동, 검색 이탈, 재실행으로 각각 복귀",탭 복귀와 검색 이탈 복귀 모두 보던 페이지 유지 (재실행은 관찰),"스텝 2는 DEF-19로 FAIL 실측(8/23), 1차 수정 후 회귀. 스텝 3은 PAT-05 기존 약속 확인, PASS 실측(8/23). 스텝 4는 재실행 시 1페이지 초기화 관찰(8/23), 약속 범위 밖. 판정 근거는 PAT-05 개정판(탭 이동 포함, 오너 결정 8/23)","스텝 2 FAIL, 스텝 3 PASS (8/23)"
,,UI-52,단수 카운터 - 간편 모드,"0. 작업 화면 진입, 카운터 모드를 간편으로 선택 1. [다음 단] 3회 클릭 2. ""현재 3단"" 표시 확인 3. [이전 단] 1회 클릭, ""현재 2단"" 표시 확인",시나리오,"카운터 ""시작 전""",간편 모드에서 증감 조작,값이 조작 횟수와 정확히 일치,증가 정확성은 counter_increment_test.py로 자동화 완료 (8/22 PASS 33.0초),자동화 완료
,,UI-53,단수 카운터 - 행안내 모드,0. 행안내가 1개 이상 등록된 프로젝트의 작업 화면 진입 1. 카운터 모드를 행안내로 선택 2. [다음 행] 클릭 3. 단수가 증가하며 현재 행안내 내용이 함께 진행되는지 확인,시나리오,행안내 등록된 프로젝트,행안내 모드에서 진행,단수와 행 안내가 함께 진행,,실행 대기
,,UI-54,단수 카운터 - 하한 경계 (DEF-15 회귀),"0. 작업 화면 진입, 카운터 ""시작 전"" 확인 1. [이전 단] 클릭 2. 값이 증가하지 않고 ""시작 전"" 그대로인지 확인",경계값 회귀,카운터 0(시작 전),감소 조작,"증가나 음수 없이 ""시작 전"" 유지","DEF-15 회귀. XCUITest(37.3초)와 Appium(32.6초) 양쪽 구현 완료, CI 게이트 포함",자동화 완료
,,UI-55,단수 카운터 - 직접 입력 경계값,"0. 작업 화면 진입, 카운터의 [현재 단수] 클릭 1. 10000 입력, ""현재 10000단"" 표시 확인 2. 0 입력, ""시작 전"" 표시 확인 3. 음수 입력, 0으로 보정되어 ""시작 전"" 표시되는지 확인",경계값,카운터 존재,"0, 음수, 큰 값을 직접 입력","0과 10000은 반영, 음수는 0 보정","음수 무통보 보정은 06 관찰 이력, 상한 무제한은 psql 10000 실측",실행 대기
,,UI-56,정보 탭 - 프로젝트 요약 표시,"0. 단수 진행과 목표일이 있는 프로젝트의 작업 화면 진입 1. 프로젝트 정보 탭 클릭 2. 진행, 일정, 시작일, 총 작업시간이 실제 값과 일치하는지 확인",시나리오,진행값 있는 프로젝트,정보 탭 확인,요약 4항목이 실제 값과 일치,,실행 대기
,,UI-57,정보 탭 - 진행 사진 기록,0. 정보 탭의 진행 사진 [+] 클릭 1. 사진 선택 2. 사진이 목록에 표시되는지 확인 3. 앱 재실행 후 유지 확인,시나리오,프로젝트 존재,진행 사진 추가,표시되고 재실행 후 유지,"시스템 피커, 시뮬레이터 사진 주입으로 자동화 가능",실행 대기
,,UI-58,정보 탭 - 실 사용량 표시,0. 실이 연결된 프로젝트의 정보 탭 진입 1. 실 사용량 영역에 연결된 실 이름이 표시되는지 확인,시나리오,실 연결된 프로젝트,정보 탭 확인,연결된 실 이름 표시,"등록과 수정은 창고 TC에서 검증, 표시 확인만",실행 대기
,,UI-59,정보 탭 - 사용 바늘 표시,0. 바늘이 연결된 프로젝트의 정보 탭 진입 1. 사용 바늘 영역에 연결된 바늘 이름이 표시되는지 확인,시나리오,바늘 연결된 프로젝트,정보 탭 확인,연결된 바늘 이름 표시,"UI-58과 동일 구조, 표시 확인만",실행 대기
,,UI-60,정보 탭 - 사용 도구 표시,0. 도구가 연결된 프로젝트의 정보 탭 진입 1. 사용 도구 영역에 연결된 도구 이름이 표시되는지 확인,시나리오,도구 연결된 프로젝트,정보 탭 확인,연결된 도구 이름 표시,"UI-58과 동일 구조, 표시 확인만",실행 대기
,,UI-61,정보 탭 - 게이지 기록 연결과 해제,"0. 도구 탭 게이지 계산기에서 기록 1개 저장 (Given 준비) 1. 프로젝트 정보 탭의 게이지 영역에서 [연결] 클릭, 기록 선택 2. ""1개 연결됨"" 표시 확인 3. 연결 해제 클릭, 확인창 승인 4. 프로젝트에서는 사라지고 게이지 계산기의 원본 기록은 유지되는지 확인",상태 전이,게이지 계산기 기록 존재,프로젝트에 연결 후 해제,"연결 시 표시, 해제 시 연결만 끊기고 원본 유지","코드 확인 결과 작성이 아니라 연결 구조 (""기록은 삭제되지 않고 연결만 해제"" 안내 실재)",실행 대기
,,UI-62,정보 탭 - 작업 메모 기록,0. 정보 탭의 작업 메모 영역에 내용 입력 1. [저장] 클릭 2. 메모가 표시되는지 확인 3. 앱 재실행 후 유지 확인,시나리오,프로젝트 존재,메모 작성 저장,표시되고 재실행 후 유지,,실행 대기
,,UI-63,정보 탭 - 관련 스킬 표시,"0. 스킬 태그가 있는 프로젝트의 정보 탭 진입 1. 관련 스킬 태그가 표시되는지 확인 2. 태그 클릭, 해당 스킬 화면으로 이동하는지 확인",시나리오,스킬 연결된 프로젝트,태그 확인과 클릭,"태그 표시, 클릭 시 스킬로 이동",스킬 연결 방법은 관찰 후 Given 보강,실행 대기
TC11,재방문 보존,UI-64,재방문 - 앱 종료 후 작업 상태 보존,"0. 프로젝트에 카운터 3단 진행, 실 연결, 도안 연결 상태 준비 (Given) 1. 앱 완전 종료 2. 재실행, [내 뜨개] 목록에서 해당 프로젝트 진입 3. 카운터가 ""현재 3단""으로 유지되는지 확인 4. 도안 연결이 유지되고 열람 가능한지 확인 5. 정보 탭에서 실 연결 표시가 유지되는지 확인","상태 전이, 시나리오",카운터 진행과 연결이 있는 프로젝트 존재,앱 완전 종료 후 재실행하여 재진입,"카운터 값, 도안, 재료 연결이 모두 종료 전 상태로 유지","CUJ-2 계열 P1. 홈의 이어서 뜨기 경로는 DEF-17로 미동작이라 목록 경로로 검증, DEF-17 수정 후 홈 경로 스텝 추가",실행 대기
TC12,실 바늘 도구 등록,UI-65,실 등록 - 폼 검증 포함,"0. [창고] 탭 클릭, 실 목록 진입 1. [+] 버튼으로 등록 폼 열기 2. 아무것도 입력하지 않은 상태에서 저장 버튼 비활성화 확인 3. 필수값 입력 (필수 항목은 관찰 후 기입) 4. 저장, 목록에 등록된 실 표시 확인 5. 앱 완전 종료 후 재실행, 유지 확인","시나리오, 에러 기대",온보딩 완료,창고에서 실을 미입력 검증 거쳐 등록,"미입력 시 저장 비활성, 등록 후 목록 표시와 재실행 유지",폼 필수값과 버튼 문구는 관찰 후 보강,실행 대기
,,UI-66,바늘 등록 - 폼 검증 포함,"0. [창고] 탭 클릭, 바늘 목록 진입 1. UI-65와 같은 흐름 (폼 열기, 미입력 비활성, 입력, 저장, 재실행 유지)","시나리오, 에러 기대",온보딩 완료,창고에서 바늘 등록,"미입력 시 저장 비활성, 등록 후 목록 표시와 재실행 유지",UI-65와 동일 구조. 바늘 사이즈 픽커 방식은 관찰 후 스텝 보강,실행 대기
,,UI-67,도구 등록 - 폼 검증 포함,"0. [창고] 탭 클릭, 도구 목록 진입 1. UI-65와 같은 흐름 (폼 열기, 미입력 비활성, 입력, 저장, 재실행 유지)","시나리오, 에러 기대",온보딩 완료,창고에서 도구 등록,"미입력 시 저장 비활성, 등록 후 목록 표시와 재실행 유지",UI-65와 동일 구조,실행 대기
,,UI-68,실과 바늘 - 프로젝트 연결과 해제,"0. 창고에 실 1개, 바늘 1개 존재 (Given) 1. 프로젝트 수정 폼 진입, 재료에서 실과 바늘 연결 2. [변경사항 저장], 정보 탭에서 실과 바늘 표시 확인 3. 수정 폼 재진입, 실과 바늘 연결 해제 4. 저장 후 정보 탭에서 표시가 사라졌는지 확인 5. 창고 원본은 그대로 유지되는지 확인",상태 전이,"창고에 실과 바늘 각 1개, 프로젝트 1개 존재",수정 폼에서 연결했다가 해제,"연결 시 정보 탭 표시, 해제 시 표시 제거, 창고 원본 불변",재료 연결 입구는 수정 폼,실행 대기
,,UI-69,도구 - 프로젝트 연결과 해제,"0. 창고에 도구 1개 존재 (Given) 1. 작업 화면의 도구 영역에서 연결 (입구는 관찰 후 기입) 2. 정보 탭에서 도구 표시 확인 3. 연결 해제, 표시가 사라졌는지 확인 4. 창고 원본 유지 확인",상태 전이,"창고에 도구 1개, 프로젝트 1개 존재",작업 화면에서 도구 연결 후 해제,"연결 시 표시, 해제 시 제거, 창고 원본 불변",도구는 N:M 연결 (schema 실측). 연결 입구가 재료와 다른 점은 06 관찰 이력 (연결 입구 비일관),실행 대기
TC13,등록 항목 수정,UI-70,실 수정 - 창고 반영과 스냅샷 비전파,"0. 프로젝트에 연결된 실이 있는 상태 (Given) 1. [창고] 탭에서 해당 실의 수정 폼 진입 2. 이름을 다른 값으로 변경, 저장 3. 창고 목록에 변경된 이름 표시 확인 4. 연결된 프로젝트의 정보 탭에서 스냅샷 이름이 변경 전 값으로 유지되는지 확인",상태 전이,연결된 실 존재,창고에서 원본 실 이름 수정,"창고 목록은 갱신, 프로젝트 쪽 스냅샷은 불변","LINK-05 (스냅샷 불변, 06 실측 PASS 이력)의 회귀 확인",실행 대기
,,UI-71,바늘 수정 - 창고 반영과 스냅샷 비전파,0. UI-70과 같은 흐름 (대상만 바늘),상태 전이,연결된 바늘 존재,창고에서 원본 바늘 수정,"창고 목록은 갱신, 프로젝트 쪽 스냅샷은 불변",UI-70과 동일 구조,실행 대기
,,UI-72,도구 수정 - 창고 반영,"0. 프로젝트에 연결된 도구가 있는 상태 (Given) 1. [창고] 탭에서 해당 도구 수정, 저장 2. 창고 목록 반영 확인 3. 연결된 프로젝트의 표시 확인 (스냅샷인지 참조인지 관찰)",상태 전이,연결된 도구 존재,창고에서 원본 도구 수정,창고 목록 갱신,도구는 링크 구조 (N:M)라 프로젝트 표시가 스냅샷인지 참조인지 관찰 후 Then 확정,실행 대기
TC14,등록 항목 삭제,UI-73,실 삭제 - 미연결,"0. 어떤 프로젝트에도 연결되지 않은 실 존재 (Given) 1. [창고] 탭에서 해당 실 삭제 (확인창 문구는 관찰 후 기입) 2. 목록에서 사라졌는지 확인 3. 앱 완전 종료 후 재실행, 돌아오지 않는지 확인",상태 전이,미연결 실 1개 존재,창고에서 삭제,"목록에서 제거, 재실행 후에도 미복귀",삭제 확인창 유무는 관찰 후 기록,실행 대기
,,UI-74,실 삭제 - 연결된 실 (스냅샷 보존),0. 프로젝트에 연결된 실이 있는 상태 (Given) 1. [창고] 탭에서 해당 실 삭제 2. 삭제 시 경고나 안내가 있는지 관찰 3. 창고 목록에서 제거 확인 4. 연결됐던 프로젝트의 정보 탭에서 스냅샷 이름이 계속 표시되는지 확인,상태 전이,연결된 실 존재,창고에서 원본 삭제,창고에서는 제거되고 프로젝트 쪽 스냅샷 표시는 유지,"LINK-05 스냅샷 보존 연계, 로드맵 P2 근거",실행 대기
,,UI-75,바늘과 도구 삭제 - 연결 상태,"0. UI-74와 같은 흐름 (대상: 바늘, 도구 각각)",상태 전이,연결된 바늘과 도구 존재,창고에서 원본 삭제,"창고 제거 후 프로젝트 쪽 표시 동작 확인 (바늘은 스냅샷 유지, 도구는 관찰 후 확정)","바늘은 FK 제약조건 부재 참조 + 스냅샷 (schema 실측), 도구는 링크 구조라 동작이 다를 수 있음",실행 대기
,,UI-76,창고 도안 삭제 - 프로젝트 복사본 영향,"0. 창고 도안이 프로젝트에 연결된 상태 (Given, UI-43 경로로 준비) 1. [창고] 탭 도안 목록에서 해당 도안 삭제 2. 창고 목록에서 제거 확인 3. 연결됐던 프로젝트의 작업 화면에서 도안 복사본이 계속 열람되는지 확인",상태 전이,창고 경로로 연결된 도안 존재,창고 원본 삭제,"창고에서는 제거, 프로젝트 복사본은 유지되어 열람 가능",ProjectPatternCopy 복사본 구조 (schema 실측). 복사본 유지가 깨지면 도안 열람 불가 (치명도 5위) 계열,실행 대기
TC15,로그아웃,UI-77,로그아웃 - 게이트 표시와 데이터 비노출,"0. 테스트 계정으로 로그인 상태에서 시작 (서버 연결) 1. [설정] 탭, [계정 연동] 메뉴 진입 2. [로그아웃] 클릭 (확인창이 뜨면 문구 확인 후 승인) 3. 로그아웃 직후 화면 상태 확인 (로그인 유도 게이트 표시) 4. 홈과 내 뜨개에서 이전 계정의 서버 데이터가 보이지 않는지 확인 5. 앱 완전 종료 후 재실행, 로그아웃 상태와 게이트가 유지되는지 확인",상태 전이,"가입된 테스트 계정으로 로그인 상태, 서버 연결",로그아웃 수행,로그인 유도 게이트가 표시되고 이전 계정 데이터가 노출되지 않으며 재실행 후에도 유지,"AUTH-06 게이트(4d76203 구현) 검증. DEF-05, DEF-06(계정 간 노출) 계열. 확인창 유무와 게이트 화면 구성은 관찰 후 스텝 보강",실행 대기
TC16,오프라인 생성 후 복구 동기화,UI-78,오프라인 생성 - 복구 후 동기화 (개요),"0. 네트워크 차단 상태에서 프로젝트 생성, Local Only 표시 확인 1. 네트워크 복구 후 조회 시점에 업로드되는지 확인 2. 동일 ID로 Synced 전환 확인","상태 전이, 시나리오",서버 연결 가능 환경에서 네트워크 차단,오프라인 생성 후 복구,Local Only에서 동일 ID로 Synced 전환,06 TC-SYNC01-01 실측 PASS 흐름 재사용. 네트워크 제어 필요로 수동 트랙 유지 (로드맵 근거),수동 트랙
